user_id,username,course_name,learning_satisfaction_score,mentor_satisfaction_score,cs_satisfaction_score,lms_satisfaction_score
1,JohnDoe,Course A,8,9,7,8
2,JaneSmith,Course B,7,8,6,7
3,RobertJohnson,Course C,9,9,8,9
4,EmilyWilson,Course D,6,7,6,6
5,MichaelBrown,Course E,8,9,7,8
6,SusanLee,Course A,7,8,6,7
7,DavidClark,Course B,9,10,8,9
8,LindaMartinez,Course C,8,9,7,8
9,WilliamAnderson,Course D,7,8,7,7
10,KarenHarris,Course E,9,9,8,9
11,JamesTaylor,Course A,6,7,6,6
12,SarahThomas,Course B,8,9,7,8
13,ChristopherMoore,Course C,9,10,8,9
14,AmandaWhite,Course D,7,8,7,7
15,MatthewJackson,Course E,8,9,7,8
16,PatriciaHill,Course A,7,8,6,7
17,DanielScott,Course B,9,9,8,9
18,DonnaAdams,Course C,8,9,7,8
19,JosephTurner,Course D,8,8,7,7
20,NancyWard,Course E,9,10,8,9
21,RichardPerez,Course A,6,7,6,6
22,KarenGonzalez,Course B,9,10,8,9
23,ThomasRivera,Course C,8,9,7,8
24,LauraCook,Course D,7,8,6,7
25,CharlesBailey,Course E,8,9,7,8
26,SandraWood,Course A,7,8,6,7
27,MichaelReed,Course B,9,9,8,9
28,KimberlyParker,Course C,8,9,7,8
29,DavidLopez,Course D,6,7,6,6
30,SusanMorris,Course E,9,10,8,9
31,JohnHall,Course A,8,9,7,8
32,JenniferWright,Course B,7,8,6,7
33,RobertBaker,Course C,9,9,8,9
34,DeborahRoss,Course D,7,8,6,7
35,WilliamRoberts,Course E,8,9,7,8
36,LindaTaylor,Course A,6,7,6,6
37,JamesDavis,Course B,8,9,7,8
38,KarenWilson,Course C,9,10,8,9
39,DonnaAllen,Course D,7,8,6,7
40,JosephSmith,Course E,8,9,7,8
41,BarbaraBrown,Course A,7,8,6,7
42,DavidMartinez,Course B,9,9,8,9
43,JenniferJohnson,Course C,8,9,7,8
44,WilliamClark,Course D,8,8,7,7
45,PatriciaYoung,Course E,9,10,8,9
46,JosephKing,Course A,6,7,6,6
47,DonnaWilson,Course B,9,10,8,9
48,MichaelLewis,Course C,8,9,7,8
49,LauraHill,Course D,7,8,6,7
50,CharlesButler,Course E,8,9,7,8
51,KarenHenderson,Course A,7,8,6,7
52,DavidGarcia,Course B,9,9,8,9
53,SusanPerez,Course C,8,9,7,8
54,JamesSanchez,Course D,6,7,6,6
55,JenniferScott,Course E,9,10,8,9
56,WilliamTurner,Course A,8,9,7,8
57,LindaMorales,Course B,7,8,6,7
58,RobertWard,Course C,9,9,8,9
59,DeborahRobinson,Course D,7,8,6,7
60,JamesHernandez,Course E,8,9,7,8
61,KarenLopez,Course A,6,7,6,6
62,ThomasPerez,Course B,8,9,7,8
63,DonnaPhillips,Course C,9,10,8,9
64,MichaelSimmons,Course D,7,8,6,7
65,SusanHall,Course E,8,9,7,8
66,DavidLewis,Course A,7,8,6,7
67,LauraMartinez,Course B,9,9,8,9
68,WilliamDavis,Course C,8,9,7,8
69,MaryMartinez,Course D,8,8,7,7
70,JosephGonzalez,Course E,9,10,8,9
71,JenniferJackson,Course A,6,7,6,6
72,DavidTaylor,Course B,9,10,8,9
73,BarbaraParker,Course C,8,9,7,8
74,WilliamAdams,Course D,7,8,6,7
75,KarenCook,Course E,8,9,7,8
76,MichaelSmith,Course A,7,8,6,7
77,DonnaJohnson,Course B,9,9,8,9
78,JamesMoore,Course C,8,9,7,8
79,SusanWilson,Course D,6,7,6,6
80,DavidThomas,Course E,9,10,8,9
81,BarbaraWilliams,Course A,8,9,7,8
82,WilliamJackson,Course B,7,8,6,7
83,JenniferBrown,Course C,9,9,8,9
84,MichaelLopez,Course D,7,8,6,7
85,SusanHarris,Course E,8,9,7,8
86,DavidTurner,Course A,6,7,6,6
87,KarenHill,Course B,8,9,7,8
88,WilliamClark,Course C,9,10,8,9
89,JamesWard,Course D,7,8,6,7
90,DonnaAllen,Course E,8,9,7,8
91,MichaelLewis,Course A,7,8,6,7
92,LauraHill,Course B,9,9,8,9
93,RobertHernandez,Course C,8,9,7,8
94,DeborahRobinson,Course D,8,8,7,7
95,JamesHarris,Course E,9,10,8,9
96,KarenLopez,Course A,6,7,6,6
97,ThomasPerez,Course B,9,10,8,9
98,DonnaPhillips,Course C,8,9,7,8
99,MichaelSimmons,Course D,7,8,6,7
100,LauraWilliams,Course E,8,9,7,8
101,JohnDoe,Course A,8,9,7,8
102,JaneSmith,Course B,7,8,6,7
103,RobertJohnson,Course C,9,9,8,9
104,EmilyWilson,Course D,6,7,6,6
105,MichaelBrown,Course E,8,9,7,8
106,SusanLee,Course A,7,8,6,7
107,DavidClark,Course B,9,10,8,9
108,LindaMartinez,Course C,8,9,7,8
109,WilliamAnderson,Course D,7,8,7,7
110,KarenHarris,Course E,9,9,8,9
111,JamesTaylor,Course A,6,7,6,6
112,SarahThomas,Course B,8,9,7,8
113,ChristopherMoore,Course C,9,10,8,9
114,AmandaWhite,Course D,7,8,7,7
115,MatthewJackson,Course E,8,9,7,8
116,PatriciaHill,Course A,7,8,6,7
117,DanielScott,Course B,9,9,8,9
118,DonnaAdams,Course C,8,9,7,8
119,JosephTurner,Course D,8,8,7,7
120,NancyWard,Course E,9,10,8,9
121,RichardPerez,Course A,6,7,6,6
122,KarenGonzalez,Course B,9,10,8,9
123,ThomasRivera,Course C,8,9,7,8
124,LauraCook,Course D,7,8,6,7
125,CharlesBailey,Course E,8,9,7,8
126,SandraWood,Course A,7,8,6,7
127,MichaelReed,Course B,9,9,8,9
128,KimberlyParker,Course C,8,9,7,8
129,DavidLopez,Course D,6,7,6,6
130,SusanMorris,Course E,9,10,8,9
131,JohnHall,Course A,8,9,7,8
132,JenniferWright,Course B,7,8,6,7
133,RobertBaker,Course C,9,9,8,9
134,DeborahRoss,Course D,7,8,6,7
135,WilliamRoberts,Course E,8,9,7,8
136,LindaTaylor,Course A,6,7,6,6
137,JamesDavis,Course B,8,9,7,8
138,KarenWilson,Course C,9,10,8,9
139,DonnaAllen,Course D,7,8,6,7
140,JosephSmith,Course E,8,9,7,8
141,BarbaraBrown,Course A,7,8,6,7
142,DavidMartinez,Course B,9,9,8,9
143,JenniferJohnson,Course C,8,9,7,8
144,WilliamClark,Course D,8,8,7,7
145,PatriciaYoung,Course E,9,10,8,9
146,JosephKing,Course A,6,7,6,6
147,DonnaWilson,Course B,9,10,8,9
148,MichaelLewis,Course C,8,9,7,8
149,LauraHill,Course D,7,8,6,7
150,CharlesButler,Course E,8,9,7,8
